教材用プロジェクト,,採点１回目,採点２回目
プロジェクト1,1-1,,
,1-2,,
,1-3,,
,1-4,,
,1-5,,
,1-6,,
,1-7,,
プロジェクト2,2-1,,
,2-2,,
,2-3,,
,2-4,,
,2-5,,
,2-6,,
,2-7,,
プロジェクト3,3-1,,
,3-2,,
,3-3,,
,3-4,,
プロジェクト4,4-1,,
,4-2,,
,4-3,,
,4-4,,
,4-5,,
,4-6,,
プロジェクト5,5-1,,
,5-2,,
,5-3,,
,5-4,,
,5-5,,
プロジェクト6,6-1,,
,6-2,,
,6-3,,
,6-4,,
プロジェクト7,7-1,,
,7-2,,
,7-3,,
,7-4,,
プロジェクト8,8-1,,
,8-2,,
,8-3,,
,8-4,,
,8-5,,
プロジェクト9,9-1,,
,9-2,,
,9-3,,
,9-4,,
,9-5,,
,9-6,,
,9-7,,
プロジェクト10,10-1,,
,10-2,,
,10-3,,
,10-4,,
,10-5,,
,10-6,,
,10-7,,
プロジェクト11,11-1,,
,11-2,,
,11-3,,
,11-4,,
,11-5,,
,11-6,,
,11-7,,
,×の数,,
,▲の数,,
,,,
,,,
,56問,,
